{
  "Total" : {
    "transaction" : "Total",
    "sampleCount" : 3414514,
    "errorCount" : 13972,
    "errorPct" : 0.4091944,
    "meanResTime" : 740.3475355496709,
    "medianResTime" : 4.0,
    "minResTime" : 1.0,
    "maxResTime" : 219176.0,
    "pct1ResTime" : 5.0,
    "pct2ResTime" : 6.0,
    "pct3ResTime" : 8.0,
    "throughput" : 569.8818866426209,
    "receivedKBytesPerSec" : 217.83133479842544,
    "sentKBytesPerSec" : 90.13805800723327
  },
  "HTTP Request" : {
    "transaction" : "HTTP Request",
    "sampleCount" : 3414514,
    "errorCount" : 13972,
    "errorPct" : 0.4091944,
    "meanResTime" : 740.3475355496709,
    "medianResTime" : 4.0,
    "minResTime" : 1.0,
    "maxResTime" : 219176.0,
    "pct1ResTime" : 5.0,
    "pct2ResTime" : 6.0,
    "pct3ResTime" : 8.0,
    "throughput" : 569.8818866426209,
    "receivedKBytesPerSec" : 217.83133479842544,
    "sentKBytesPerSec" : 90.13805800723327
  }
}